Valor,Area
4600000,280
900000,208
2550000,170
550000,100
2200000,164
1449993,143
464000,107
1050000,87
1580000,155
4200000,348
1300000,70
1200000,156
460000,73
435000,51
3450000,173
390000,68
1150000,80
1189000,82
560000,85
850000,90
440000,79
375000,41
490000,57
230000,55
160000,55
4100000,173
4500000,200
740000,96
360000,38
370000,79
450000,76
530000,78
1100000,73
410000,65
680000,67
580000,89
2500000,350
250000,58
250000,53
4250000,487
233000,36
562000,110
2300000,143
225000,68
1050000,105
260000,55
2350000,242
180000,51
5800000,180
4500000,333
270000,52
1150000,70
650000,91
290000,52
2500000,140
2000000,140
740000,140
750000,54
440000,69
495000,91
995800,68
1699000,110
435000,35
535000,82
900000,140
435000,41
308000,53
679993,115
1170000,232
340000,66
3200000,276
360000,70
2900000,260
1450000,60
650000,80
690000,80
440000,65
16500000,300
472520,71
950000,86
395000,75
1980000,171
536000,87
750000,110
823600,114
2500000,160
4000000,244
199000,20
300000,75
3700000,307
299000,54
328000,56
1500000,95
950000,177
640000,75
805000,84
225000,60
630000,96
1200000,156
430000,65
5500000,340
1950000,209
275000,56
950000,131
1050000,100
650000,90
1350000,120
3160000,135
230000,60
1300000,100
2200000,233
975000,110
1130000,182
1100000,80
895000,115
650000,94
320000,51
378000,80
499000,70
3600000,262
3995000,296
1100000,76
1680000,200
230000,55
650000,95
2200000,200
1090000,76
1470000,140
200000,42
750000,160
1400000,92
189000,70
1195000,75
1350000,374
1050000,69
3300000,140
350000,30
600000,91
399000,58
388435,36
350000,59
790000,30
140000,50
2350000,233
1600000,80
280000,65
2730000,80
820000,92
230000,55
415000,78
640000,56
1800000,190
390000,60
465000,83
199900,48
3150000,285
260000,60
6500000,300
1240000,122
1830000,135
890000,87
15000000,598
700000,75
1120000,111
260000,75
364900,67
700000,110
640000,102
350000,63
1100000,190
3800000,170
1099000,160
1200000,216
5300000,450
1550000,249
4200000,250
949999,203
990000,115
580000,65
350000,68
1850000,107
385000,70
2500000,130
1050000,80
170000,50
750000,280
2500000,173
450000,52
8000000,372
270000,50
850000,138
225000,32
449000,97
4700000,370
820000,219
3990000,513
589000,166
4500000,570
550000,45
850000,142
1550000,70
380000,85
540000,106
1600000,93
820000,75
4680000,490
580000,50
165000,26
320000,67
380000,45
900000,95
400000,66
850000,110
949993,106
900000,89
632000,128
670000,88
495000,64
2490000,170
358000,92
2700000,150
1700000,78
112000,44
370000,65
590000,44
399000,85
480000,74
1790000,110
370000,65
1250000,80
3150000,190
278000,62
690000,140
850000,100
2650000,100
1799993,170
450000,33
509900,85
1200000,99
270000,33
450000,40
600000,200
275000,68
300000,36
280000,51
950000,94
800000,93
1400000,111
352000,66
680000,54
359900,65
3200000,320
1995000,175
2300000,220
451000,69
500000,85
2200000,215
1300000,150
8600000,317
240000,50
1140000,111
850000,72
3200000,207
740000,63
495000,68
549000,82
690000,43
1100000,86
420000,82
2750000,308
5300000,215
1150000,92
450000,67
3990000,180
6350000,344
256000,46
489000,130
290000,75
880000,102
1300000,107
4000000,466
4800000,200
575000,38
1900000,130
970000,93
680000,75
4950000,301
200000,50
3500000,339
750000,66
330000,64
1100000,170
645000,38
520000,75
2150000,200
998000,185
240000,65
990000,100
2500000,160
165000,48
1380000,117
720000,130
575000,84
2999000,300
245000,75
1590000,133
829000,148
1590000,140
12000000,492
1080000,146
280000,75
2200000,100
1500000,124
1300000,70
205000,47
550000,92
300000,100
670000,77
1250000,60
630000,94
799000,85
650000,72
3190000,380
416700,63
490000,43
1048000,99
165000,49
600000,135
219500,57
930000,82
800000,70
1179993,143
350000,59
1050000,69
750000,65
1400000,120
685000,40
1100000,91
1450000,194
1100000,90
370000,71
577000,78
569000,130
450000,75
320000,90
1722234,72
290000,77
550000,70
600000,95
1000000,76
215000,60
430000,70
730000,96
800000,72
1890000,175
2055000,90
425000,68
859000,154
439000,69
1400000,109
630000,100
760000,75
850000,76
674500,73
895000,118
2350000,194
4200000,390
2400000,170
700000,177
865000,95
210000,53
600000,41
6600000,280
155000,40
450000,92
519000,72
1750000,352
699000,162
370000,72
230000,67
4600000,292
1590000,135
245000,61
957446,130
950000,70
410000,106
2180000,190
1100000,120
590000,70
570000,70
895000,90
750000,91
1390000,130
595000,40
1350000,140
450000,81
243000,59
385000,100
580000,92
389000,72
264900,64
1050000,100
690000,65
789000,206
4200000,260
535100,75
199999,60
290000,88
1695000,171
480000,63
455000,83
590000,140
520000,90
1890000,90
999000,140
3650000,173
3500000,350
610000,148
688000,227
340000,72
880000,70
3400000,131
550000,170
530000,120
355000,64
1280000,129
1200000,120
740000,62
235000,50
1090000,138
690000,90
760000,152
1780000,180
655000,60
7795000,250
1300000,110
810000,91
1410000,86
540000,50
2800000,280
3800000,146
439900,127
900000,160
499000,170
395000,87
225000,65
590000,87
200000,52
269000,55
990000,90
290000,62
899900,97
1800000,85
850000,82
610000,70
3800000,140
125000,52
895000,125
420000,70
555000,120
1080000,95
595000,41
840000,138
860000,75
715000,89
360000,70
3500000,200
700000,140
449999,52
240000,52
565000,70
990000,119
1370000,95
400000,100
1300000,123
430000,71
1650000,170
1250000,176
790000,87
2400000,130
590000,57
2750000,134
280000,70
1600000,120
550000,55
660000,60
320000,74
1490000,90
1045000,193
330000,63
10500000,700
658900,77
199999,60
950000,90
550000,53
1050000,114
570000,61
1400000,177
660000,81
350000,46
1650000,169
600000,94
1200000,190
1150000,114
435000,41
320000,63
500000,42
550000,84
840000,78
6000000,241
4900000,296
1400000,64
1690000,158
699000,103
499200,81
224000,45
2200000,90
1600000,151
1520000,90
440000,69
344900,60
85000,43
950000,50
2600000,158
1100000,90
820000,110
430000,29
270000,60
320000,25
535000,89
1300000,300
599000,86
320000,55
3250000,140
525000,74
1250000,220
1050000,80
1450000,135
1450000,166
570000,95
3000000,263
770000,104
6000000,200
480000,85
350000,80
3045000,160
543000,41
525000,76
195000,67
670000,80
1490000,100
590000,89
1950000,220
1000000,245
1150000,93
450000,88
1300000,120
101000,42
1950000,135
299000,60
1050000,110
930000,97
269000,38
360000,37
235000,64
3200000,153
560000,85
140000,40
4000000,195
450000,86
1499993,104
510000,94
155000,51
1500000,87
2400000,195
300000,25
350000,77
740000,116
500000,78
310000,55
2100000,111
1300000,189
870000,109
2100000,197
650000,68
310000,70
1150000,75
4400000,430
990000,50
495000,40
125000,52
950000,125
4900000,290
917000,90
570000,71
999993,116
710000,125
4800000,580
460000,100
959000,147
700000,75
5500000,170
1100000,201
895000,115
1300000,137
3000000,160
1722240,72
450000,141
1900000,189
370000,40
479993,116
2200000,225
410000,73
750000,91
285000,65
1389000,80
1330000,143
210000,55
750000,80
460000,92
2400000,260
3100000,129
850000,110
649000,57
563000,84
490000,60
280000,70
350000,63
2000000,123
299000,98
990000,113
350000,72
2100000,179
1200000,139
600000,82
1575000,132
2500000,132
2100000,105
200000,62
2850000,202
370000,90
3000000,462
360000,80
1950000,120
1500000,154
1650000,170
770000,30
1240000,75
295000,59
580000,73
1700000,70
1370000,116
750000,52
660000,66
615200,77
469900,70
629000,56
470000,90
165000,45
2099000,95
2850000,160
1790000,160
630000,82
550000,56
475000,38
1950000,125
500000,48
2800000,210
190000,61
335000,80
1850000,184
800000,60
980000,115
537904,74
1060000,92
535000,40
1400000,105
790000,74
270000,70
270000,50
299000,70
165000,53
1100000,115
1890000,98
700000,70
700000,140
480000,72
1380000,104
425000,73
340000,60
499999,100
630000,90
720000,51
750000,70
4200000,145
950000,115
375000,76
680000,129
3720000,460
700000,166
2290000,96
900000,96
2995000,308
950000,83
1200000,120
1200000,363
450000,33
330000,54
355000,67
1500000,154
540000,85
4800000,148
900000,199
1740000,171
2200000,286
378000,75
479000,170
190000,71
490000,68
200000,55
1370000,73
1100000,210
17995000,756
670000,140
1560000,153
898000,100
499000,170
1150000,66
4700000,489
650000,77
225000,74
3350000,120
1488000,77
630000,105
630000,70
1890000,200
1490000,204
1200000,75
270000,60
749000,85
190000,119
600000,94
1899000,95
395000,58
1650000,146
1250000,168
345010,66
2300000,230
986000,95
1690000,74
195000,52
480000,58
1071900,108
550000,84
465000,76
850000,89
590000,84
1150000,230
900000,110
1260000,130
730000,103
845000,140
1900000,230
279000,23
490000,83
1650000,170
1600000,100
18000000,526
1100000,65
590000,68
6200000,153
880000,120
2800000,234
4299000,200
549000,57
750000,78
945000,110
1690000,161
500000,64
210000,52
440000,35
3600000,43
1349000,88
3407000,338
750000,65
830000,40
720000,70
280000,57
155000,47
290000,51
1050000,205
249000,79
1400000,140
3450000,336
289000,59
1650000,160
950000,180
180000,39
690000,100
1690000,232
200000,55
400000,72
420000,66
12000000,370
1280000,130
710000,120
300000,58
499900,80
740000,80
1550000,90
620000,70
499999,90
5500000,219
1300000,107
650000,61
1200000,97
1050000,192
1280000,120
330000,67
450000,72
755000,140
450000,65
505000,100
280000,62
895000,80
550000,83
1250000,187
2200000,187
792000,154
800000,143
949993,198
12000000,246
689999,118
3100000,393
1800000,178
700000,98
620000,62
1380000,80
980000,111
795000,85
1600000,213
1310000,128
500000,58
1900000,200
750000,88
550000,86
2200000,115
5800000,200
670000,70
400000,31
950000,180
2499000,180
3031500,391
190000,51
1580000,105
2100000,107
360000,70
395000,60
310000,67
12000000,410
660000,112
240000,47
630000,98
709993,142
1490000,105
150000,60
550000,69
675000,76
350000,60
2350000,230
1100000,84
480000,70
1250000,123
1395000,105
370000,97
2200000,153
359000,60
1550000,160
3499000,200
1700000,320
1280000,81
2280000,154
270000,60
350000,65
1200000,90
450000,37
5800000,260
4500000,289
1200000,260
313000,55
690000,90
294900,61
400000,61
495000,76
1880000,110
950000,141
1250000,115
610000,118
210000,56
3180000,153
1050000,138
1633500,144
695000,69
435000,81
200000,55
300000,16
558000,53
225000,60
620000,109
800000,178
545000,39
480000,80
215000,23
750000,110
2800000,154
249000,55
720000,115
220000,85
1490000,201
598000,83
570000,83
525000,59
430000,61
140000,60
1900000,190
360000,95
510000,80
840000,110
599000,86
620000,153
800000,41
499000,109
2600000,235
1260000,188
1690000,120
239000,60
1990000,86
5900000,256
2890000,443
605000,35
600000,128
319000,60
490000,90
680000,137
530000,67
1050000,95
1200000,85
635000,80
7900000,170
1060000,150
75000,46
400000,45
481000,39
1200000,85
420000,100
1260000,120
2400000,153
2490000,120
550000,70
1800000,101
588000,90
1050000,178
925000,90
1380000,104
1459000,146
260000,48
580000,150
2500000,180
200000,45
359000,53
1100000,80
400000,62
650000,50
1000000,135
1980000,117
1150000,110
300000,79
2500000,184
820000,110
380000,65
2000000,80
315000,76
385000,67
1290000,128
540000,34
560000,94
2000000,286
685000,136
1740000,161
2100000,270
1050000,94
178000,54
4500000,210
5950000,245
3180000,333
1500000,159
300000,42
900000,105
620000,75
305000,70
1489000,110
2200000,200
289000,64
610000,43
630000,98
420000,39
3800000,195
840000,119
5200000,240
120000,50
599000,163
2350000,120
745000,70
240000,50
350000,72
550000,60
280000,40
1480000,110
755000,72
450000,40
1800000,122
460000,89
249000,60
3200000,250
485000,84
630000,64
350000,70
2000000,110
530000,88
399000,68
480000,57
2200000,222
895000,125
420000,90
1500000,139
1395000,105
630000,68
400000,75
2500000,320
1450000,95
1300000,160
420000,80
340000,43
490000,48
800000,75
1050000,107
875000,48
2350000,92
1280000,264
850000,85
1790000,130
1950000,82
2150000,206
2000000,154
470000,59
314000,59
340000,76
1800000,102
230000,30
3000000,120
3850000,190
3950000,154
1210000,125
8600000,289
1600000,100
1270000,93
950000,81
340000,56
1990000,127
280000,70
285000,86
1200000,208
703500,121
1900000,103
950000,177
300000,72
1800000,166
1195000,112
2150000,200
850000,149
185000,46
600000,68
590000,120
1140000,210
725000,150
434000,70
1050000,115
950000,110
4700000,352
2800000,240
3700000,140
2000000,258
780000,81
265000,60
730000,45
890000,151
540000,40
1800000,155
275000,34
800000,80
4500000,280
900000,164
330000,42
250000,68
3300000,150
330000,38
570000,64
25000000,750
450000,70
1300000,172
880000,78
1580000,251
390000,62
1350000,374
580000,58
299000,40
380000,59
690000,79
1980000,182
2800000,168
1389000,150
2089000,182
1300000,71
750000,120
4700000,212
1019000,75
1300000,98
400000,69
900000,109
2100000,214
750000,100
260000,59
1800000,90
1890000,172
1500000,145
2550000,227
4600000,300
3849000,282
174900,58
2688000,280
1100000,120
285000,49
2300000,297
600000,85
1180000,97
669000,109
900000,95
630000,93
975000,120
499946,82
650000,44
1800000,108
230000,55
350000,53
611000,93
1300000,185
1400000,150
1365000,110
480000,78
2700000,196
254000,60
3600000,232
780000,80
750000,147
380000,48
3300000,200
1630000,65
2099000,90
250000,67
860000,130
690000,60
849000,43
1200000,136
1580000,127
1750000,139
600000,87
1300200,108
13000000,1147
1750000,214
300000,54
430000,64
1950000,85
459999,80
4200000,170
650000,70
14000000,350
450000,60
6900000,296
1200000,75
690000,80
260000,38
354000,65
434900,71
480000,52
749900,70
300000,77
1990000,110
319000,60
1350000,94
1000000,140
1680000,140
699990,143
780000,100
200000,47
850000,75
1500000,205
3899000,280
1195000,200
1000000,107
290000,54
290000,90
348000,23
800000,127
190000,30
550000,89
540000,87
4340900,172
250000,57
620000,70
1280000,130
589993,79
225000,48
2100000,205
1990000,203
680000,52
480000,71
286000,73
1350000,120
310000,71
550000,40
1150000,365
3700000,255
290000,58
2801400,179
899993,148
1240000,97
699000,178
1750000,170
10900000,304
285000,50
460000,70
820000,90
1250000,80
3600000,292
1650000,74
399000,66
520000,80
549000,82
3700000,180
230000,88
12200000,479
2050000,186
2350000,106
1500000,78
3000000,330
630000,102
149900,70
360000,63
530000,30
550000,94
2650000,98
2690000,350
1400000,145
965000,169
1050000,128
1300000,173
2700000,146
1380000,300
315000,61
370000,77
1680000,116
400000,72
1500000,200
5129000,381
270000,65
318000,72
447000,77
1109000,110
1150000,110
230000,51
2100000,126
1250000,60
3100000,150
180000,50
3345100,244
1690000,120
495000,85
2950000,180
1990000,312
1990000,230
2180000,309
440000,68
585000,100
745000,48
1700000,171
1200000,100
535000,82
1045000,120
250000,50
1350000,200
390000,33
1100000,95
2700000,255
1490000,90
2750000,231
1530000,120
490000,65
1180000,79
340000,47
1000000,136
5980000,249
3200000,270
162090,56
220000,60
5800000,435
535000,85
6500000,741
480000,74
5500000,290
695000,67
2250000,241
1300000,156
669000,76
105000,55
329000,58
420000,55
950000,87
1625000,135
235000,56
1170000,111
1700000,96
800000,132
735000,91
470000,61
1635000,160
420000,100
310000,67
2900000,136
865000,111
240000,53
2300000,169
4000000,150
850000,77
415000,74
1200000,105
3500000,312
440000,84
840000,100
800000,87
400000,73
730000,132
1395000,90
409000,77
670000,85
1490000,135
370000,63
850000,206
1480000,105
135000,50
285000,56
2000000,180
1260000,110
270000,65
995000,121
1100000,235
1960000,138
945000,77
495000,63
530000,65
1300000,125
1000000,314
1500000,134
266000,65
1799000,140
580000,65
4200000,267
2200000,210
415000,35
835000,77
240000,65
570000,40
830000,96
1100000,127
690000,95
745000,80
1600000,400
2200000,140
608000,90
9500000,395
2500000,247
2900000,380
1999000,170
417990,75
900000,110
749000,59
930000,112
3000000,250
415000,67
2300000,121
1239000,119
3400000,256
2900000,280
240000,54
1250000,150
2430000,130
350000,60
220000,48
2300000,250
1150000,116
530000,78
1500000,180
525000,140
850000,105
240000,53
1500000,185
1350000,135
172000,50
3200000,230
710000,164
429000,69
650000,50
160000,45
750000,100
590000,95
790000,110
900000,120
1690000,150
190000,70
1950000,138
485000,108
700000,74
469000,81
1279000,91
345000,65
397000,72
4700000,260
4500000,220
3900000,140
950000,98
4800000,175
399000,72
1200000,178
1550000,147
960000,50
160000,95
1080000,95
4500000,270
1850000,215
165000,45
200000,50
420000,70
440000,76
990000,110
6300000,220
1080000,98
1500000,140
2800000,170
1090000,100
585000,101
495000,21
521000,73
367900,65
1100000,224
185000,48
1850000,110
1850000,169
1800000,272
220000,60
440000,62
869000,91
250000,50
11000000,481
620000,75
340000,45
529993,68
220000,70
2450000,150
630000,60
3000000,83
899000,75
1090000,70
295500,75
1250000,115
980000,180
8500000,355
750000,57
450000,95
390000,66
290000,42
2200000,180
4500000,150
1980000,180
4000000,140
3290000,152
1550000,150
1450000,91
500000,67
2680000,186
500000,69
280000,60
400000,70
170000,52
725000,83
3100000,146
1890000,165
1050000,63
450000,57
475000,69
2050000,105
1330000,110
179757,45
625000,86
500000,78
650000,90
2165000,120
695000,90
230000,70
3679000,245
9950000,390
342000,65
1040000,139
730000,93
980000,60
1680000,127
414000,68
800000,87
700000,100
2500000,120
135000,45
180000,67
2100000,350
7000000,180
370000,60
330000,60
2400000,180
179000,65
8600000,220
1200000,190
820000,58
950000,118
260000,46
660000,114
4399000,322
545000,88
2300000,190
1580000,110
400000,77
660000,40
630000,114
820000,74
559000,83
2100000,100
2750000,273
849993,90
470000,105
800000,76
1915920,189
900000,103
530000,74
980000,93
175000,36
945000,180
2300000,185
3000000,251
770000,103
3870000,235
665000,97
190000,45
530000,88
4200000,348
415000,70
420000,70
2350000,180
1050000,113
690000,98
345000,63
2190000,134
199000,25
400000,81
800000,100
980000,85
1850000,92
1200000,117
3800000,281
165000,50
950000,142
1500000,130
490000,97
2099999,160
580000,82
900000,75
790000,74
649000,150
295000,60
489999,99
850000,82
550000,60
320000,64
1150000,134
535000,78
1280000,105
1990000,96
520000,98
480000,63
849993,90
7000000,241
300000,40
990000,90
249000,50
1000000,128
525000,74
990000,114
400000,95
2680000,190
940000,110
1145000,97
2100000,360
536000,76
950000,118
1015000,149
315000,72
280000,72
650000,75
481800,73
289999,87
1950000,164
1500000,90
249000,55
760000,60
4600000,280
390000,60
510000,75
1600000,162
460000,70
570000,88
2000000,177
290000,68
235001,50
370000,83
2850000,198
295000,72
730000,130
780000,72
2000000,208
285000,65
850000,214
900000,37
470000,27
1037000,106
1100000,88
560000,80
12900000,399
190000,60
8800000,240
260000,34
3200000,140
1115000,110
550000,70
500000,96
620000,100
550000,83
1250000,76
2800000,154
550000,65
670000,77
600000,64
750000,190
520000,42
1500000,95
4000000,150
600000,58
2650000,150
369000,74
549990,100
1500000,70
2300000,260
10000000,260
700000,64
2300000,270
2900000,115
945000,98
1050000,124
475000,126
750000,59
3000000,270
4799993,380
1300000,156
2350000,245
2350000,127
1150000,115
370000,46
2949000,260
1480000,110
744000,100
550000,96
650000,266
145000,60
850000,130
1044000,90
1799000,186
485000,75
4200000,199
995000,94
260000,64
4400000,231
1350000,276
699000,86
840000,110
1800000,152
650000,59
580000,40
650000,90
1400000,125
255010,51
12000000,246
1400000,182
220000,52
1700000,110
850000,80
14900000,231
850000,66
400000,68
790000,64
1750000,120
1400000,112
420000,50
275000,22
250000,48
880000,76
535900,124
780000,96
1700000,129
1130000,86
1250000,139
620000,75
800000,100
820000,65
990000,73
1050000,169
780000,160
540000,170
230000,51
950000,60
5890000,250
780000,75
482000,74
3600000,81
1190000,95
950000,166
190000,57
1790000,160
1900000,90
430000,64
260000,73
695000,67
600000,85
3700000,279
850000,100
2100000,130
3500000,571
415000,67
1600000,95
990000,112
920000,83
579000,48
840000,156
275000,61
715000,70
1300000,86
2000000,110
405000,69
350000,60
1190000,140
850000,80
2450000,214
1100000,136
160000,73
145000,45
790000,75
1160000,112
1500000,156
4800000,236
1370000,230
290000,30
575000,115
820000,66
4387000,429
370000,50
1180000,88
1050000,83
730000,96
420000,33
1399993,124
2100000,120
2285000,278
360000,68
600000,90
1500000,148
295000,77
430000,63
750000,98
245000,48
795000,300
555000,60
2500000,120
2400000,180
3200000,310
555000,72
1200000,318
450000,115
720000,75
750000,98
2700000,217
1760000,131
3700000,280
575000,76
3900000,400
739000,75
2800000,230
790000,120
350000,124
600000,91
2650000,249
860000,140
2495000,180
395000,111
1850000,120
555900,66
580000,119
1350000,73
1700000,202
1150000,120
1550000,139
530000,74
1475000,80
390000,82
415000,70
950000,100
270000,70
1150000,99
5250000,194
480000,90
850000,80
1500000,107
10000000,326
900000,114
990000,57
300000,72
660000,70
1675000,156
2200000,96
640000,104
320000,50
337000,60
1200000,70
990000,139
550000,103
1400000,170
280000,50
3200000,230
650000,57
790000,130
525000,78
1200000,70
6800000,265
3800000,140
820000,81
699000,75
290000,55
250000,52
255000,50
240000,60
1099000,85
330000,67
371000,58
4000000,150
188000,83
1250000,122
579500,120
2100000,104
700000,140
270000,70
604000,83
1399000,166
450000,57
180000,21
630000,39
11000000,160
980000,140
180000,58
1200000,94
550000,48
129000,55
749000,52
1350000,220
1950000,150
430000,71
1450000,117
820000,126
890000,153
374800,67
620000,123
260000,40
1090000,100
339600,60
210000,68
660000,76
3250000,190
1080000,160
590000,114
1650000,195
687000,114
2950000,278
1260000,338
399000,63
1200000,209
210000,58
7000000,300
800000,120
1950000,100
950000,149
635000,155
520000,96
1150000,188
11900000,530
2100000,110
475000,20
245000,52
890000,75
1180000,95
1100000,55
2990000,146
720000,80
870000,105
1980000,203
450000,70
1470000,130
1339000,127
1500000,67
240000,35
720000,93
1650000,135
580000,48
990000,110
360000,70
430000,90
538000,79
330000,57
200000,47
1800000,138
2300000,170
2599000,247
1300000,70
699000,178
1200000,240
410000,77
465000,127
1250000,100
245000,46
550000,40
2200000,215
2290000,358
195000,62
265000,53
620000,88
4990000,190
1252000,98
1399000,105
1250000,87
645000,54
265000,72
530000,85
395000,90
415000,60
359500,89
560000,75
1100000,152
1570000,116
3200000,113
430000,90
780000,100
700000,73
1200000,146
650000,75
1560000,103
558000,130
930000,165
550000,105
5000000,220
350000,71
870000,126
1000000,115
1890000,350
850000,135
4000000,190
1700000,95
550000,117
1200000,134
1190000,84
330000,89
1630000,127
598560,102
500000,90
650000,78
290000,52
9500000,543
4200000,215
579999,115
430000,82
990000,187
410000,73
780000,107
660000,49
300000,37
859000,50
1100000,79
1290000,97
385000,65
1280000,180
750000,73
363900,68
900000,90
8000000,278
3300000,307
199000,60
580000,106
960000,53
429000,61
1900000,190
250000,67
1100000,92
445000,90
865000,95
1590000,85
1200000,70
10700000,500
1990000,220
2000000,240
1680000,89
250000,49
775000,77
2299000,202
990000,190
380000,64
345000,55
210000,60
400000,93
1550000,106
440000,80
3550000,240
1050000,213
485000,74
25000000,430
179000,60
520000,112
165000,45
125000,48
320000,26
3600000,290
460000,90
3500000,289
2500000,200
1040000,150
475000,68
2520000,110
400000,63
530000,78
570000,45
990000,115
425000,42
399000,34
8000000,319
480000,70
3000000,282
3800000,376
800000,42
355000,76
319500,53
220000,59
1595000,151
580000,84
950000,114
570000,78
950000,114
500000,60
1180000,90
1590000,110
5184000,210
865000,79
1790000,140
2500000,115
950000,190
790000,86
450000,65
259000,55
315000,80
1380000,122
2650000,90
2250000,160
400000,35
1290000,134
500000,89
289000,74
399000,62
2500000,160
1290000,90
650000,166
870000,130
750000,132
390000,96
2100000,220
868000,85
795000,63
165000,50
570000,95
609000,93
3400000,151
220000,80
389000,66
410000,66
380000,70
799000,120
810000,85
1850000,161
260000,62
507000,82
570000,65
2100000,330
1680000,171
1000000,87
946500,110
2739000,130
490000,65
585000,55
1250000,120
5700000,285
380000,65
265000,60
3100000,146
1300000,163
750000,150
269000,55
372000,72
900000,88
2950000,90
650000,96
580000,86
847000,82
800000,137
3500000,360
395000,78
1000000,70
630000,73
1595000,101
990000,150
560000,68
1890000,88
1100000,218
750000,73
1900000,214
10200000,270
1200000,85
345000,58
700000,74
840000,65
249000,60
799900,172
412200,60
270000,53
1700000,210
3500000,90
530000,32
1750000,90
2250000,180
1680000,85
215000,47
1179000,72
1550000,106
4500000,85
574900,80
600000,90
850000,85
998000,78
510000,98
3100000,247
2630000,245
1480000,150
1800000,85
1900000,140
495000,76
970000,110
2600000,170
849000,110
780000,118
1498000,109
1580000,136
2100000,160
2000000,101
300000,60
5900000,285
3900000,343
1300000,163
1200000,92
750000,110
1500000,160
110000,48
210000,36
1250000,140
420000,47
995000,128
450000,56
920000,81
1700000,138
890000,70
3300000,180
2500000,184
590000,80
378459,82
380000,60
471000,82
1100000,220
4850000,310
2300000,118
1580000,100
900000,121
155000,48
275000,66
380000,60
450000,90
1150000,96
900000,160
6300000,220
345000,67
560000,40
4000000,350
2300000,167
1350001,110
2400000,160
699000,80
250000,50
399000,62
610000,68
1350000,40
949000,119
2940000,249
1100000,59
376520,64
323000,50
650000,75
1420000,107
4500000,215
1400000,150
360000,61
340000,55
525000,45
2000000,86
535500,43
680000,148
4650000,200
2500000,90
721000,75
3850000,146
3150000,264
740000,87
1950000,183
1600000,385
970000,67
1700000,149
1800000,90
1900000,113
2100000,217
190000,55
4200000,268
490000,86
4890000,170
430000,83
315000,76
4000000,312
370000,60
380000,67
420000,81
320000,70
640000,52
333000,83
840000,68
1550000,90
599000,85
1150000,130
800000,139
260000,50
1250000,172
490000,68
315000,29
570000,70
970000,102
3990000,225
570500,64
820000,109
2400000,85
2800000,240
1000000,69
2100000,184
410000,58
455000,65
550010,70
850000,120
1400000,84
320000,56
1300000,178
280000,68
1350000,99
2700000,311
395000,75
899999,120
1290000,286
1100000,189
2390000,239
1100000,110
799000,114
2100000,200
595000,80
4199000,190
1080000,77
10000000,160
1480000,75
540000,63
950000,64
2400000,200
1900000,157
950000,147
1250000,80
2950000,380
1260000,180
1180000,180
3199000,155
220000,60
870000,70
4500000,625
540000,74
265000,50
650000,59
500000,68
1100000,148
1200000,149
835000,137
320000,56
525000,65
930000,100
1700000,185
1150000,106
260000,70
240000,49
5298000,300
150000,56
6950000,742
560000,96
756000,96
3390000,190
1600000,170
1390000,194
560000,96
469999,72
2500000,260
1000000,125
1950000,110
735000,79
1650000,169
465000,79
615100,77
1600000,163
985000,130
1950000,114
280000,68
1208000,80
550000,88
640000,44
540000,63
530000,42
860000,55
1300000,130
270000,60
980000,85
4195000,117
847000,89
3000000,104
1280000,126
2650000,281
570000,67
80000,55
480000,81
1600000,120
830000,84
11000000,311
749000,113
388000,75
1100000,140
2514000,147
1295000,140
1060000,85
200000,40
250000,63
5904000,267
2200000,133
890000,125
1300000,220
3800000,231
239000,75
2150000,200
790000,66
420000,71
3500000,366
1200000,79
580000,60
1400000,144
1350000,87
350000,86
380000,84
490000,71
575000,80
1090000,169
870000,130
1350000,130
1110000,155
540000,96
1480000,150
1000000,156
1450000,220
1790000,126
1150000,88
310000,54
900000,107
555300,210
290000,65
1810000,180
2800000,320
354000,60
1350000,160
330000,65
800000,65
1750000,268
1300000,122
1150000,85
190000,43
2200000,155
250000,38
550000,71
405000,60
850000,87
135000,52
1120000,115
300000,56
265000,60
280000,56
260000,60
540000,89
520000,95
1650000,90
580000,76
900000,250
645000,87
2280000,278
1170000,122
430000,38
900000,189
265000,85
500000,129
370000,70
380000,76
748000,93
490000,72
900000,70
380000,108
215000,60
435000,82
519500,87
316900,62
340000,53
1150000,270
1050000,88
1720000,80
4900000,250
355000,57
420000,70
1100000,83
1980000,155
660000,50
280000,52
549993,70
320000,61
1700000,93
4200000,301
350000,30
1150000,163
320000,81
1500000,150
1050000,78
650000,77
1800000,100
341860,56
230000,70
335000,74
790000,84
1075000,105
2400000,146
2100000,155
1350000,120
1219993,204
549000,80
289000,51
2990000,135
740000,72
265000,55
1950000,120
175000,21
1600000,110
550000,30
195000,50
795000,60
1620000,160
1050000,93
1693000,205
479000,85
1090000,100
300000,78
2500000,178
409000,85
170000,40
550000,55
1380000,80
263000,60
449900,60
570000,84
1550000,230
1900000,254
950000,78
495000,65
230000,80
590000,65
639000,74
500000,90
850000,103
520000,96
230000,46
550000,45
1350000,140
2400000,118
420000,32
580000,110
980000,105
560000,88
400000,80
3600000,296
549000,84
530000,40
465804,43
889900,120
235000,60
500000,81
780000,72
1000000,187
660000,121
1600000,235
840000,160
190000,50
1550000,350
350000,74
330000,92
748000,71
960000,75
470000,85
285000,64
757900,80
460000,70
850000,85
2700000,186
580000,117
490000,110
2250000,110
9000000,693
249000,74
750000,60
1740000,115
1580000,160
5600000,260
1073000,143
1200000,85
900000,92
450000,70
317000,78
1049000,106
1200000,99
492000,66
1900000,97
16000000,220
550000,100
499000,170
180000,43
1290000,216
600000,68
1600000,224
399900,75
3150000,268
950000,110
1250000,160
1890000,340
3700000,201
850000,91
300000,42
680000,120
240000,30
465000,72
490000,31
3480000,436
499000,78
2200000,182
265000,66
300000,25
985000,110
950000,30
6300000,213
1150000,120
1580000,152
1149000,120
1260000,90
170000,38
585000,153
280000,76
310000,70
12000000,410
290000,64
870000,75
2000000,100
700000,39
480000,98
1080000,114
470000,86
740000,165
700000,130
730000,68
430000,63
549148,60
270000,64
318000,53
2150000,219
560000,37
4100000,525
898000,138
3600000,200
2500000,136
629000,85
659000,75
1300000,142
1370000,106
550000,95
810000,100
280000,65
525000,83
445000,67
1490000,160
750000,200
1500000,300
11500000,382
1153900,130
450000,70
395000,84
210000,56
360000,63
399000,50
1900000,115
439000,35
2800000,365
1260000,116
1050000,94
2290000,210
470000,75
1500000,150
590000,89
500000,120
3200000,209
820000,200
280000,88
2700000,300
360000,75
215000,55
6000000,250
660000,101
2690000,271
3200000,180
760000,86
336000,55
210000,47
479000,91
13000000,392
429900,96
165000,68
398000,75
2190000,130
1200000,133
1180000,146
695000,65
870000,93
1100000,96
375000,40
875000,100
1500000,110
2000000,200
480000,45
530000,68
735000,110
525000,76
1500000,95
550000,64
899000,120
898000,85
1200000,88
1580000,138
330000,57
250000,71
850000,78
2100000,191
944000,90
850000,70
940000,92
1400000,140
559000,111
4980000,300
235000,62
360000,82
760000,120
2500000,120
2800000,170
2100000,60
1050000,123
710000,85
1450000,115
900000,90
2100000,92
1150000,104
545000,67
890000,350
469000,68
1550000,118
357000,53
650000,92
265000,51
540000,82
2000000,110
320000,96
220000,51
1650000,146
210000,48
1450000,166
1700000,191
185000,40
190000,75
4700000,210
269000,55
580000,84
3190000,170
950000,100
790000,121
370000,61
3600000,415
2300000,200
1399999,132
430000,70
330000,70
1490000,84
1500000,135
613000,87
1400000,72
320000,72
190000,48
10800000,350
440000,70
2300000,260
230000,65
310000,73
330000,75
2375000,68
1956800,192
215000,76
400000,80
2100000,227
1900000,130
1500000,165
750000,120
895000,137
950000,45
1390000,103
500000,73
910000,78
650000,66
246000,52
645000,102
1800000,240
1350000,221
1300000,110
245000,70
1580000,110
420000,78
4750000,200
2100000,140
12000000,391
750000,86
2980000,200
645000,84
880000,96
369600,62
887800,115
1600000,125
1179993,120
969000,100
390000,76
365000,90
3980000,278
2624993,320
1399993,251
3100000,150
710000,121
290000,77
490000,68
1600000,130
1740000,100
1300000,123
370000,80
245000,92
1600000,165
2100000,205
355000,63
1400000,77
342000,20
1600000,140
1250000,176
2200000,126
185000,55
600000,63
500000,94
122000,44
1260000,150
400000,70
179000,55
1100000,127
430000,77
730000,103
3679000,125
220000,65
2000000,220
3500000,140
890000,90
550000,80
330000,60
399000,65
850000,108
3650000,230
749993,80
660000,86
1650000,143
399000,60
1100000,114
550000,80
1380000,126
219000,60
890000,95
350000,70
690000,99
840000,114
480000,65
2980000,277
475000,84
5500000,297
310000,52
840000,90
2380000,220
1290000,120
850000,114
4100000,230
1125000,150
1700000,93
4200000,190
280000,170
1400000,142
590000,141
1050000,160
2190000,201
360000,20
6000000,170
420000,35
900000,118
1060000,96
4600000,171
845000,66
575000,85
1150000,109
390000,47
1500000,130
135000,47
215000,50
1010600,96
1150000,260
790000,80
2395000,328
1380000,207
460000,50
528539,66
1100000,70
399000,70
495000,50
3450000,140
380000,73
420000,70
300000,57
1600000,176
750000,84
1150000,110
445000,65
1250000,180
579999,113
1600000,181
989000,130
350000,60
310000,77
890000,85
510000,70
3800000,400
469000,40
170000,46
2400000,98
690000,140
315000,63
349000,70
240000,25
1050000,70
550000,111
400000,44
766700,100
2200000,350
378000,75
350000,58
5800000,160
2300000,170
1150000,233
2300000,186
5500000,350
2150000,96
430000,65
1530000,146
842000,290
2950000,120
490000,79
190000,39
560000,97
1250000,78
180000,50
250000,50
1400000,144
550000,110
3450000,180
760000,118
360000,78
500000,65
294770,50
1700000,160
480000,70
265000,54
290000,65
2400000,165
1590000,85
800000,142
580000,45
2850000,140
530000,88
7000000,110
680000,66
175000,55
255000,62
2800000,175
1600000,146
950000,75
525000,75
499000,70
1180000,146
750000,75
429000,81
620000,83
300000,73
327979,63
630000,115
460000,109
689000,109
372000,75
795000,70
5700000,285
239993,36
530000,72
1200000,130
720000,78
1800000,121
480000,93
1500000,90
879993,179
5200000,430
850000,65
520000,65
180000,65
449000,115
1730000,110
420000,70
350000,68
970000,90
3000000,287
2500000,157
1950000,145
650000,80
905000,66
1450000,79
350000,60
1650000,109
1300000,140
540000,96
1600000,306
3300000,195
890000,85
590000,72
380000,77
850000,89
1000000,240
399000,86
720000,45
850000,100
340000,65
295000,65
1698000,165
2100000,90
600000,97
315000,66
425736,40
3480000,291
328000,57
1980000,126
1150000,77
1470000,197
370000,75
650000,152
129000,45
490000,78
1200000,124
1350000,275
3000000,310
2250000,89
1100000,130
800000,72
1700000,127
1890000,117
315000,75
660000,169
800000,67
2850000,165
4990000,205
670000,167
270000,32
7000000,196
1280000,193
1950000,170
710000,116
480000,81
880000,83
510000,100
1100000,60
1280000,89
615000,90
1730000,130
530000,61
800000,69
980000,120
1980000,220
8400000,245
4900000,750
890000,110
680000,67
380000,67
256000,51
205000,53
1550000,100
1400000,77
1500000,50
1780000,165
550000,70
1159900,110
750000,84
6950000,169
647200,78
1080000,95
980000,150
4000000,136
325000,52
245000,70
650000,106
150000,55
610000,97
295000,60
450000,37
395000,96
1480000,85
1100000,90
240000,72
800000,70
480000,75
990000,178
399000,70
1250000,94
249000,55
480000,90
950000,97
730000,79
330000,55
300000,98
3300000,161
350000,73
276000,60
199000,65
5300000,430
500000,77
200000,60
300000,57
2100000,98
3150000,205
450000,78
160000,37
4200000,190
680000,59
2180000,272
360000,50
1850000,126
580000,77
320000,126
480000,67
160000,40
7200000,435
630000,50
515000,72
1100000,149
180000,42
385000,67
569000,114
295000,65
1120000,110
1350000,161
950000,112
2495000,350
440000,33
170000,60
1250000,180
380000,80
5890500,590
2500000,130
293000,78
2475000,99
2900000,166
780000,60
790000,69
1145400,160
5750000,240
240000,68
590000,80
6500000,160
1050000,115
6850000,260
930000,80
500000,84
294200,67
1150000,73
1080000,89
2642420,101
6500000,250
730000,112
295000,50
1275000,80
1780000,140
1170000,108
640000,151
9500000,400
6800000,190
550000,64
650000,50
369000,76
1330000,100
1700000,120
1750000,200
1995000,120
198989,77
2200000,240
1230000,143
1790000,184
700000,93
990000,81
950000,110
340000,60
915000,84
870000,186
1300000,97
320000,47
2350000,96
3400000,180
380000,140
2400000,128
2300000,118
400000,100
1450000,80
4500000,228
598000,40
750000,83
889000,75
715000,65
700000,81
300000,45
680000,117
880000,70
1999000,110
698000,120
1325000,105
3500000,212
750000,150
475000,65
299000,75
630000,84
549999,85
400000,90
270500,60
1525000,120
500000,81
741168,144
350000,40
115000,50
1500000,107
520000,69
1248400,75
249000,30
447000,69
1700000,165
1250000,90
600000,88
3500000,240
4200000,327
3000000,300
1050000,75
2350000,156
7950000,400
450000,65
900000,55
790000,78
735000,100
695000,115
600000,43
475000,85
1210000,145
1580000,212
900000,70
1300000,303
1200000,100
950000,87
1580001,90
278000,53
750000,80
800000,178
1380000,160
420000,40
305000,60
750000,126
480000,69
750000,68
640000,61
530000,70
850000,116
430000,144
22000000,500
180000,44
220000,45
670000,100
450000,75
635000,120
300000,87
1100000,108
1100000,144
450000,80
840000,76
450000,92
9200000,420
990000,150
1380000,121
430000,74
410000,66
430000,33
1100000,116
650000,107
889993,114
800000,147
800000,158
4800000,200
1100000,153
349000,65
850000,96
3500000,340
4200000,154
225000,64
960000,100
551000,90
520000,45
1500000,102
1200000,60
1000000,125
890000,100
269000,38
135450,55
1649993,224
798000,110
2300000,158
3000000,230
5000000,436
290000,62
450000,108
920000,77
430000,65
1580000,100
1200000,71
1790000,150
693000,89
299990,36
550000,160
550000,65
2850000,117
1850000,215
1700000,95
950000,65
730000,84
790000,70
2200000,130
2100000,96
196000,50
2895000,152
2700000,168
950000,110
10000000,282
2800000,206
1750000,280
1360000,120
360000,80
7500000,280
520000,38
1650000,104
380000,81
630000,62
650000,120
795000,72
2100000,150
428000,71
430000,43
950000,137
542700,60
2180000,220
630000,85
900000,55
1200000,175
429999,70
300000,33
700000,26
375000,90
750000,83
759000,78
474000,88
1280000,120
2200000,209
650000,159
249000,21
2989993,240
1430000,94
4200000,190
590000,144
7000000,400
340000,25
979999,196
420000,80
740000,62
840000,69
1900000,220
860000,71
970000,95
850000,80
2000000,254
399000,70
2999993,260
550000,99
3500000,500
1480000,100
495000,62
714000,76
1200000,185
635000,68
515000,80
1550000,160
460000,76
1880000,175
489000,75
280000,68
199000,60
2400000,200
489000,71
1470000,125
1090000,90
600000,120
340000,76
4800000,231
417000,70
1575000,414
1000000,60
869000,141
3200000,225
880000,100
368000,50
2150000,120
1700000,112
700000,86
185000,60
1399000,230
239000,63
900000,95
1380000,113
1140000,103
490000,102
1160000,95
270000,60
1449000,85
700000,90
450000,85
2300000,93
2099000,160
320000,65
670000,116
1200000,90
900000,98
637000,42
295000,100
1640000,216
800000,100
2900000,154
465000,72
610000,57
950000,65
530000,75
360000,76
300000,60
1100000,214
1260000,120
479000,75
260000,75
799000,108
749000,85
900000,111
590000,70
6600000,170
850000,90
400000,65
480000,85
1700000,210
3200000,125
360000,100
295000,80
1800000,96
850000,93
440000,65
1180000,100
330000,40
1850000,180
407000,55
900000,86
349000,62
380000,81
3900000,224
1250000,223
580000,135
665000,70
1290000,140
289999,73
650000,110
478900,170
2200000,190
6900000,300
960000,135
400000,32
690000,80
1050000,90
850000,101
475000,73
280000,55
420000,88
1200000,83
210000,56
12000000,500
520000,73
145000,56
4450000,340
1049000,110
649000,135
369000,59
850000,62
950000,138
2500000,175
850000,210
1800000,94
3200000,315
1129999,168
620000,170
443000,70
220000,53
165000,46
780000,87
274000,53
5300000,215
1100000,175
1280000,98
2200000,170
3570000,180
1300000,70
680000,110
3890000,185
280000,68
370000,57
404993,43
270000,71
1100000,90
265000,54
480000,42
380000,65
800000,84
850000,81
1600000,282
610000,91
3400000,300
290000,105
737000,50
690000,60
419000,74
1500000,85
440000,121
495000,78
345000,40
1760000,115
1000000,70
995000,94
450000,95
1300000,85
350000,70
5200000,220
790000,80
1150000,102
470000,70
450000,70
3998000,239
570000,130
859000,120
1150000,120
275300,51
4500000,150
1250000,76
880000,50
260000,66
2190000,134
450000,70
3470000,200
690000,119
565000,130
1099500,107
1299000,104
1583000,158
3850000,168
740000,90
820000,114
470000,110
420000,85
1300000,120
3800000,140
285000,65
645000,71
990000,185
1150000,145
590000,76
4600000,300
750000,110
260000,61
1180000,189
190000,45
1650000,109
1000000,94
580000,53
980000,79
260000,51
2350000,253
1790000,146
342000,74
409000,75
11000000,360
75000,38
1980000,203
360000,80
265000,69
2205000,174
389000,68
4700000,357
400000,38
380000,75
3300010,300
1200000,92
3150000,400
3850000,226
900000,70
672600,70
1300000,151
1600000,220
190000,59
1050000,125
1430000,64
930000,107
600000,92
488000,57
11000000,380
4500000,113
1950000,120
220000,45
540000,78
1950000,120
1250000,108
950000,70
1250000,112
6300000,175
160000,45
220000,64
757900,80
1900000,107
2600000,131
780000,76
267000,53
342000,80
820000,68
680000,60
340000,108
420000,63
320000,60
190000,48
560000,37
1980000,240
900000,100
1650000,145
530000,45
250000,50
3330000,225
3900000,150
700000,100
1000000,160
2380000,167
2200000,220
2600000,121
1050000,142
1336900,91
1500000,150
5000000,256
1079000,114
2600000,100
520000,37
2400000,220
750000,90
675000,85
690000,76
600000,140
400000,33
442000,120
290000,68
750000,58
299000,42
730000,96
799000,57
549000,80
410000,100
1060000,97
1850000,221
945000,120
1380000,102
1250000,110
568000,73
460000,70
330000,80
446000,91
345000,60
1300000,173
11000000,2000
6000000,330
1600000,155
4307310,266
700000,100
975000,96
265000,54
330000,60
220000,56
630000,73
1590000,191
470000,82
1450000,69
665000,77
2750000,221
190000,50
1890000,194
4000000,155
3900000,400
820000,110
1980000,146
1500000,130
695000,78
580000,58
600000,60
1350000,94
5700000,290
580000,110
1000000,80
2050000,138
630000,81
150000,55
380000,110
270000,56
1360000,136
1200000,192
700000,145
1250000,134
230000,35
495000,44
215000,40
3500000,152
450000,40
360000,70
598000,160
280000,86
965000,110
580000,126
3650000,91
1590000,200
500000,42
400000,78
3400000,256
699999,85
1600000,323
1480000,80
780000,80
1830800,109
1475000,150
525000,114
4500000,190
820000,111
215000,50
543000,50
560000,80
1500000,105
2949000,278
650000,61
680000,126
1100000,124
1500000,130
7350000,400
780000,56
12000000,400
4000000,245
1950000,240
750000,180
790000,89
1900000,136
160000,49
2350000,230
250000,70
510000,32
524000,87
586000,32
320000,90
280000,80
7000000,400
780000,104
265000,60
470000,71
420000,74
249000,60
1950000,210
1200000,120
399000,70
650000,111
539000,81
5500000,354
538000,84
16999003,1000
4800000,150
268000,55
2550000,240
340000,69
480000,79
535000,125
260000,86
1850000,133
950000,110
1050000,97
788000,129
1650000,181
1380000,153
950000,103
460000,74
285000,64
897000,110
525000,90
2300000,280
340000,59
500000,64
469000,75
389000,67
620000,110
550000,68
740000,69
790000,141
5200000,173
170000,36
2250000,130
145000,48
362000,66
2950000,129
400000,62
6800000,355
3080000,134
5980000,213
3900000,177
640000,76
265000,53
550000,85
2000000,280
2500000,130
620000,80
1469500,210
3500000,225
2300000,150
679800,70
950000,40
1390000,121
780000,108
385000,60
900000,216
230000,60
545000,120
2900000,275
1200000,180
2740000,150
245000,95
1980000,230
4999993,292
2200000,202
360000,47
680000,90
2400000,172
760000,128
680000,80
369000,65
599000,127
1100000,170
327000,59
725000,180
1000000,100
371000,43
459993,86
215000,50
3500000,250
680000,63
675000,85
575000,170
500000,80
395000,59
550000,40
800000,68
1600000,169
930000,111
743000,67
1399000,75
1622000,68
399000,70
3350000,160
140000,50
2800000,145
1900000,150
520000,80
2050000,103
1945000,123
3800000,180
4500000,187
550000,80
330000,66
600000,64
1280000,87
2200000,100
2699993,269
950000,56
750000,50
900000,77
480000,71
1800000,101
1050000,80
990000,120
297000,65
1890000,103
450000,70
1990000,170
750000,106
460000,81
1399999,130
1100000,92
420000,58
5250000,234
165000,45
3500000,130
840000,110
650000,78
1290000,184
260000,46
4700000,230
5700000,266
1650000,169
260000,69
1470000,156
1700000,110
760000,81
540000,115
3000000,140
1100000,65
1900000,180
890000,194
530000,65
1200000,170
390000,90
1350000,65
220000,58
600000,84
480000,92
695000,93
1300000,120
4800000,300
820000,80
2100000,220
6000000,185
955000,99
439000,32
690000,60
2300000,144
1400000,125
5000000,265
1190000,75
1400000,89
1500000,90
1200000,97
270000,66
1590000,100
360000,63
1760000,117
398000,78
735000,87
160000,45
650000,135
420000,62
255000,51
590000,140
590000,104
1345000,152
2398000,250
1200000,155
1895000,180
630000,90
1650000,110
549999,88
5500000,440
450000,59
940000,110
180000,51
20000000,311
770000,80
3150000,160
2850000,140
409000,70
590000,66
430000,75
249000,55
450000,80
349000,71
290000,60
1800000,240
381000,65
520000,87
228000,48
249000,52
320000,50
620000,80
820000,100
400000,79
750000,75
1350000,65
950000,86
467300,57
550000,32
530000,78
860000,52
559000,97
904000,116
2200000,125
888493,64
549000,45
350000,80
385000,71
330000,70
315000,72
285000,64
1450000,166
8300000,300
1950000,200
280000,65
699000,86
850000,75
1800000,191
1350000,110
220000,40
380000,200
2200000,200
2800000,230
1450000,146
1730000,110
870000,110
299000,30
2200000,75
3300000,300
380000,116
1100000,130
1100000,94
490000,82
849999,90
680000,95
300000,65
1200000,150
780000,74
1756300,169
3300000,330
310000,60
3300000,145
299000,56
5700000,215
1400000,212
790000,100
830000,79
213000,63
560000,87
2800000,110
2850000,294
4200000,200
1170000,100
449999,62
699000,114
680000,88
1950000,110
449993,84
220000,48
880000,42
3400000,187
4800000,200
1450000,150
170000,40
3500000,190
363500,75
1200000,111
395000,78
2900000,483
1590000,125
3000000,346
599000,85
2900000,315
950000,61
380000,76
480000,63
4200000,378
1700000,283
1055000,110
345000,64
450000,62
770000,110
2050000,112
1820000,120
800000,91
1240000,75
420000,77
635000,70
1100000,138
6300000,370
270000,59
480000,40
1180000,68
753993,98
2080000,153
5500000,180
800000,109
680000,60
414999,72
580000,95
25000000,320
195000,64
2000000,105
600000,75
370000,53
550000,66
129500,48
430000,32
5300000,292
550000,50
1980000,102
500000,91
2850000,233
455500,90
1300000,108
498000,78
3500000,127
219000,34
1100000,85
537000,150
700000,110
6430000,420
350000,75
2300000,300
3700000,212
3360000,262
498000,55
450000,77
260000,66
755000,142
1500000,180
499990,78
265000,70
850000,132
4500000,264
750000,159
435000,65
1150000,112
1100000,93
5490000,200
1050000,122
1150000,85
680000,97
4500000,150
1200000,194
375000,58
2500000,207
4000000,230
790000,115
479900,80
6500000,300
679000,70
550000,84
1010000,110
290000,76
4900000,280
530000,144
649700,77
220000,50
3150000,112
749000,107
1900000,235
1590000,120
1000000,70
529500,78
1100000,149
980000,100
318000,84
700000,88
687700,85
470000,95
3150000,200
363000,65
450000,60
650000,66
3500000,300
1900000,363
1080000,135
1109000,111
250000,45
729999,218
2350000,241
8000000,319
2900000,170
1160000,110
1250000,119
760000,123
1400000,220
730000,135
1730000,120
1625000,74
2900000,160
850000,118
505000,75
2100000,140
2380000,169
635000,85
430000,61
265000,61
13000000,160
1950000,120
1700000,158
85000,55
294000,69
1600000,110
155000,50
1800000,122
969000,95
3990000,288
230000,48
880000,80
3680000,219
720000,67
527000,74
720000,105
553000,88
335000,63
848000,86
310000,51
720000,170
260000,63
1300000,76
1400000,120
325000,62
435000,69
919000,107
340000,67
1300000,139
2630000,245
1250000,300
1299000,210
530000,84
2500000,123
3600000,150
2500000,355
870002,67
545000,144
305000,62
360000,54
1250000,68
250000,45
480000,43
1100000,97
980000,86
1530000,89
800000,110
795000,50
1460000,131
4500000,330
340000,52
340000,60
2100000,245
380000,65
720000,140
3200000,192
4750000,475
2700000,136
610000,71
420000,30
1800000,256
160000,61
2800000,316
1300000,130
160000,60
180000,55
650000,150
2150000,122
820000,75
870000,150
8000000,430
510000,80
1300000,162
180000,40
1780000,165
2800000,146
1035500,142
2300000,110
1500000,120
2900000,181
635000,90
2499993,320
850000,74
2500000,81
924000,177
1800000,170
3020000,300
2450000,115
8000000,485
2500000,240
890000,114
1800000,120
510000,93
749000,95
530000,87
250000,38
299000,64
797000,120
590000,79
480000,66
799000,85
510000,78
714000,68
3889000,180
1900000,150
797000,142
1890000,160
395000,67
1650000,208
1680000,161
1710000,190
700000,77
670000,55
590000,78
550000,106
7400000,280
998000,96
580000,107
500000,76
848000,161
2500000,190
1200000,100
530000,50
735000,104
420000,68
593600,92
547000,81
235000,70
1000000,76
590000,89
790000,140
130000,65
1400000,115
785000,111
1800000,165
1680000,87
1200000,108
320000,32
190000,62
3950000,224
468900,81
1365000,90
2600000,179
342000,63
649000,87
490000,62
750000,109
1250000,70
570000,59
1500000,155
329999,50
580000,92
1650000,95
1700000,90
500000,38
2900000,120
369000,70
630000,104
1290000,167
790000,95
2600000,120
1580000,160
460000,75
710000,75
1095000,131
590000,80
520000,45
440000,77
630000,70
860000,90
990000,60
368000,66
1159993,160
3000000,294
1360000,85
1400000,133
190000,51
950000,154
2449993,128
495000,77
385000,65
1080000,150
739000,170
2780000,278
790000,110
800000,85
580800,88
1980000,122
401000,52
585000,85
1200000,118
2999000,290
700000,96
1050000,137
369000,64
1421000,155
330000,80
2180000,105
750000,86
700000,111
1590000,280
499000,156
2000000,205
600000,45
850000,79
1400000,100
600000,66
700000,85
418000,77
2420000,111
950000,89
689000,85
720000,113
2100000,137
700000,65
685000,89
520000,81
2950000,140
440000,91
700000,62
5690500,266
4500000,220
350000,110
350000,87
3200000,344
650000,71
420000,68
444000,67
980000,65
334000,80
2650000,245
140000,50
1165000,130
1300000,190
270000,80
7500000,280
5190000,180
11000000,263
498900,89
2100000,60
795000,90
2000000,83
850000,130
1800000,103
629000,80
1350000,70
730000,78
1300000,132
4700000,193
7400000,270
450000,100
330500,51
15000000,1203
920000,65
260000,87
1200000,100
797000,180
450000,65
550000,70
420000,104
265000,70
170000,51
450000,81
2700000,180
560000,70
720000,85
900000,101
235000,62
750000,73
1420000,76
910000,90
2700000,88
700000,36
1230000,94
925000,190
300000,65
9500000,395
2400000,136
600000,32
1333700,140
2690000,256
4000000,177
450000,35
250000,56
950000,210
650000,124
350000,73
550000,49
1149000,145
322000,57
890000,128
465000,40
1520000,153
1480000,130
820000,111
1000000,80
550000,83
1365000,122
1600000,95
590000,68
2250000,220
980000,107
996993,119
789000,99
560000,68
240000,55
530000,33
386000,67
400000,74
480000,78
1600000,200
3580000,135
290000,49
1380000,56
430000,61
1100000,90
1750000,138
1290000,146
3800000,400
1480000,222
790000,120
2900000,380
1370000,170
740000,100
380000,38
1612000,162
930000,125
299000,50
480000,60
3590000,120
700000,55
590000,70
315000,85
900000,184
588000,110
1700000,150
940000,133
2190000,201
1400000,200
4990000,223
2980000,180
1260000,196
7600000,360
2980000,300
1080000,137
985000,120
330000,91
250000,45
650000,112
1050000,103
740000,72
7300000,350
490000,100
5250000,800
430000,70
1690000,230
1949000,230
684000,94
650000,40
2700000,114
2500000,107
1360000,400
1250000,123
589000,75
270000,58
220000,55
4000000,350
1200000,120
420000,85
2300000,220
2100000,220
20000000,400
1200000,80
2250000,105
399000,85
630000,61
633100,77
250000,54
248000,61
475000,50
2050000,115
2850000,242
1150000,80
850000,81
920000,100
470000,73
1200000,82
700000,121
2520000,170
2500000,190
5900000,285
735000,115
430000,73
750000,200
9000000,400
2050000,117
255000,59
1100000,110
340000,68
480000,78
420000,30
790000,98
990000,281
1580000,80
895000,100
2350000,110
170000,54
1500000,122
220000,98
380000,93
7900000,250
3150000,108
730000,98
579000,98
749000,75
980000,92
3000000,117
780000,114
1170000,145
2740000,130
230000,70
285000,52
2520000,170
980000,130
729000,126
3399000,152
1200000,134
850000,65
17000000,500
617000,75
2450000,308
2250000,85
360000,55
850000,83
3200000,470
6900000,330
1700000,145
1390000,110
7200000,317
845000,60
160000,51
382500,70
1200000,68
798000,84
2100000,230
1499000,96
700000,140
1700000,208
1250000,78
330000,51
265000,58
12500000,362
390000,117
565000,82
825000,110
3900000,307
4700000,148
670000,62
350000,110
430000,88
1250000,96
175000,60
3500000,260
950000,79
1890000,90
1890000,102
1418000,200
790000,72
3800000,185
14900000,400
950000,140
715000,78
1270000,94
635000,85
900000,90
1060000,120
16000000,356
750000,66
450000,72
700000,70
449000,77
735000,124
800000,73
698993,180
415000,90
280000,80
345000,90
960000,89
435000,45
1600000,127
650000,35
2200000,200
205000,53
360000,55
2800000,169
14000000,380
970000,180
1500000,134
896000,93
950000,62
2249000,130
1269000,100
299500,59
790000,108
1580000,204
899000,115
1390000,95
390000,70
1760000,71
750000,70
760000,121
190000,36
350000,60
329900,72
3500000,159
490000,90
1890000,115
200000,88
338400,82
420000,74
900000,100
600000,76
2500000,193
1550000,150
3800000,304
1700000,408
370000,69
848000,150
4500000,333
380000,78
675000,130
930000,100
399000,65
899000,120
2200000,100
380000,60
670000,55
3500000,289
449000,60
1050000,73
6000000,201
389000,66
850000,62
1650000,100
144000,43
1250000,102
1140000,130
330000,70
3200000,133
2200000,137
325000,60
1020000,80
648000,77
1390000,86
289000,30
1200000,148
1090000,108
234000,60
240000,57
370000,58
490000,68
529999,73
1730000,184
1500000,130
170000,65
680000,70
1450000,115
494000,35
2800000,304
400000,100
1850000,160
1390000,127
345000,66
3000000,176
2000000,200
3900000,152
525000,101
850000,82
550000,74
745000,103
1690000,105
1790000,165
770000,64
829000,110
160000,51
990000,155
840000,84
1200000,250
1150000,153
1750000,91
657700,77
1600000,216
532864,90
990000,160
680000,105
465000,74
288980,67
1300000,100
1300000,125
345000,29
800000,100
1150000,146
399000,66
5500000,297
800000,83
1800000,167
6500000,348
1590000,130
700000,75
650000,75
299000,65
370000,61
205000,52
1300000,67
570000,92
780000,87
639000,87
995000,70
579000,144
385000,72
1260000,145
350000,45
420000,80
280000,50
3299000,150
1800000,169
800000,70
1690000,136
999000,108
690000,50
120000,52
860000,62
420000,66
1400000,130
640000,87
2500000,206
215000,50
580000,83
940000,90
1095000,112
750000,64
549000,71
475000,90
950000,79
3800000,296
2100000,116
875000,96
630000,78
433000,79
1700000,150
5650000,256
2300000,85
690000,110
700000,72
1650000,60
2100000,194
550000,88
575000,88
1680000,95
1200000,176
2730000,273
2200000,220
530000,75
500000,100
2300000,113
915000,85
990000,124
650000,65
230000,65
430000,64
651900,98
679000,96
8500000,373
180000,25
880000,100
735000,64
1290000,114
1880000,220
680000,75
280000,65
735000,78
560000,80
220000,48
2100000,180
630000,98
630000,108
799000,167
1500000,105
743000,73
1250000,195
1490000,105
140000,48
999000,148
500000,81
550000,80
500000,38
1000000,118
466600,69
189000,55
438000,81
2300000,104
399300,70
1750000,95
740000,84
590000,113
750000,158
570000,60
3000000,140
315000,55
390000,78
1090000,92
3355000,376
1200000,130
1750000,160
460000,80
500000,65
8000000,340
450000,84
870000,103
3700000,350
945000,45
220000,55
1150000,181
800000,55
280000,75
1750000,169
750000,69
860000,67
210000,36
900000,107
140000,63
1380000,104
3500000,137
1890000,150
1400000,181
530000,80
300000,70
350000,30
1499000,94
1350000,77
339000,70
370000,96
600000,105
1980000,270
1485000,156
698000,135
790000,109
300000,76
990000,90
490000,65
180000,50
800000,134
3900000,400
815000,120
420000,30
1050000,110
266644,50
375000,65
365000,78
1800000,198
690000,80
3700000,175
8000000,280
1020000,90
599000,96
2900000,470
440000,71
850000,158
1400000,170
3700000,309
789993,78
735000,65
1071000,210
585000,67
180000,50
539900,90
1100000,84
1195000,276
1100000,190
16000000,250
400000,65
200000,95
820000,85
950000,40
6500000,250
900000,100
339000,50
580000,45
1750000,150
900000,106
735000,70
900000,128
800000,70
190000,55
550000,94
